brand,first_product_live,total_products,active_products
DRILL DOCTOR,2026-07-24 10:34:43,2,2
ESAB,2026-07-03 10:33:28,240,212
SPAX,2026-04-23 11:48:11,899,899
PRIMACOVER,2026-04-09 13:53:28,9,9
TOPCON,2026-03-11 15:13:23,3,3
BENNING,2026-01-13 15:13:30,11,11
KLIUM,2025-12-16 13:55:41,6,6
GENERMORE,2025-10-16 07:07:43,10,10
STIHL,2025-10-07 08:52:56,58,58
STOCKADE,2025-09-20 07:12:36,4,4
PLUM,2025-09-19 07:07:51,3,3
SALVEQUICK,2025-09-19 07:07:41,18,18
CEDERROTH,2025-09-19 07:07:39,56,56
ABAC,2025-09-13 07:29:11,3,3
RUST-OLEUM,2025-08-09 07:12:39,442,438
HI-FORCE,2025-08-07 13:17:55,970,970
ALTREX,2025-07-31 15:18:05,183,123
MARTOR,2025-06-26 12:08:23,167,165
HG,2025-05-23 14:58:21,208,196
POP,2025-05-21 16:03:39,10,10
SCANGRIP,2025-04-25 08:42:51,41,40
MASCOT,2025-04-09 08:58:18,12,12
SYNQ,2025-04-04 09:18:20,369,369
VIKAN,2025-03-10 13:06:24,752,735
